{
        "name": "en-gb",
        "version": "0.1.5",
        "title": "British English",
        "author": "Midnighttigger",
        "dependencies": [
                "? base",
		"? Krastorio2",
		"? cargo-ships",
		"? bztitanium",
		"? bzlead",
		"? bzsilicon",
		"? bztungsten",
		"? bzzirconium",
		"? bzcarbon",
		"? bzfoundry",
		"? bzaluminum",
		"? ArmouredBiters",
		"? Armor_pockets"
        ],
        "description": "British English, selectably different from the regular english, need to do some file buisness to make it work",
        "factorio_version": "1.1"
}