{
        "name": "mods-en-gb",
        "version": "0.0.1",
        "title": "British English for mods",
        "author": "Midnighttigger",
        "dependencies": [
                "en-gb",
		"? Krastorio2",
		"? cargo-ships",
		"? bztitanium",
		"? bzlead",
		"? bzsilicon",
		"? bztungsten",
		"? bzzirconium",
		"? bzcarbon",
		"? bzfoundry",
		"? bzaluminum",
		"? ArmouredBiters",
		"? Armor_pockets"
        ],
        "description": "Addition to en-gb for British English Support for mods, see https://mods.factorio.com/mod/en-gb on how to enable en-gb",
        "factorio_version": "1.1"
}